YI,7.53
PIH,4.36
PIHPP,21.934
TURN,2.01
FLWS,12.9
BCOW,9.82
FCCY,19.43
SRCE,45.11
VNET,9.41
TWOU,56.43
QFIN,13.34
TPNL,4.18
JOBS,67.85
EGHT,20.15
AAON,37.66
ABEO,7.26
ABEOW,2.96
ABIL,2.14
ABMD,333.74
AXAS,1.34
ACIU,11.34
ACIA,42.63
ACTG,3.03
ACHC,28.99
ACAD,21.07
ACST,1.11
AXDX,16.76
XLRN,40.99
ANCX,24.32
ARAY,3.87
ACRX,2.51
ACER,24.99
ACET,1.41
AKAO,1.31
ACHV,1.33
ACHN,2.19
ACIW,28.74
ACRS,6.36
ACMR,9.77
ACNB,37.55
ACOR,16.26
ATVI,48.65
ADMS,9.02
ADMP,2.88
ADAP,4.86
ADUS,63.59
AEY,1.46
IOTS,5.03
ADIL,6.7
ADILW,1.02
ADMA,3.36
ADBE,247.51
ADOM,0.2551
ADTN,11.89
ADRO,2.7
ADES,11.14
AEIS,48
AMD,20.77
ADXS,0.3479
ADVM,3.24
DWMC,20.3
DWSH,25.76
ACT,22.7914
AEGN,18.79
AGLE,8.92
AEHR,1.13
AMTX,1.08
AERI,43.99
AVAV,76.75
ARPO,3.3
AEZS,3.54
AEMD,1.4
GNMX,0.216
AFMD,3.54
AGEN,3.67
AGRX,0.891
AGYS,14.75
AGIO,55.89
AGMH,26.3221
AGNC,18.01
AGNCB,25.25
AGNCN,25.5
AGFS,4.04
AGFSW,0.1814
ALRN,1.23
AIMT,22.9
AIRT,30.01
ATSG,24.21
AIRG,11.59
AMCN,0.3981
AKAM,65.79
AKTX,1.8508
AKCA,30.06
AKBA,6.39
AKER,1.39
AKRX,3.59
AKTS,6.4
ALRM,60.38
ALSK,1.98
ALAC,9.86
ALACR,0.25
ALACU,10.15
ALACW,0.12
ALBO,24.15
ABDC,6.68
ALDR,13.41
ALDX,8.9
ALXN,117.05
ALCO,30.35
ALGN,220.09
ALIM,0.85
ALYA,2.83
ALJJ,1.393
ALKS,34.14
ALLK,42.46
ABTX,36.34
ALGT,122.69
ALGR,9.83
ALGRR,0.28
ALGRU,10.35
ALGRW,0.29
ALNA,8.91
AMMA,0.1947
ARLP,18.45
LNT,42.95
AHPI,1.94
AMOT,43.41
ALQA,2.3
ALLO,28.58
ALLT,6.27
MDRX,12.19
ALNY,83.12
AOSL,10.52
GOOG,1098.26
GOOGL,1107.3
SMCP,22.6771
ATEC,1.72
ALPN,5.7008
AMR,1.17
AMRWW,0.085
AABA,64.64
ALTR,30.93
ALT,2.91
ASPS,23.88
AIMC,29.04
ALTM,8.57
AMAG,17.05
AMAL,19.45
AMRN,17.23
AMRK,13.18
AMZN,1696.2
AMBC,18.86
AMBCW,9.47
AMBA,36.33
AMCX,63.84
AMCI,n/a
AMCIU,9.98
AMCIW,n/a
DOX,60.81
AMED,127.12
UHAL,356.78
AMRH,0.235
AMRHW,0.03
ATAX,5.99
AMOV,15.58
AAL,33.97
AETI,0.93
AFIN,13.1
AMNB,32.85
ANAT,133.85
AOBC,13.34
APEI,30.79
AMRB,13.31
AMSWA,10.89
AMSC,11.97
AMWD,69.75
CRMT,71.45
ABCB,36.24
AMSF,55.41
ASRV,4.13
ASRVP,28.7
ATLO,25.27
AMGN,203.88
FOLD,12.31
AMKR,7.49
AMPH,21.94
IBUY,44.93
ASYS,4.7
AMRS,3.59
ADI,91.36
ANAB,73.05
AVXL,1.82
ANGI,16.5
ANGO,20.88
ANIP,54.67
ANIK,35.31
ANIX,4.26
ANSS,161.71
ATRS,3.07
APLS,14.88
APOG,34.25
APEN,3.38
AINV,14.53
AMEH,19.58
APPF,61.89
APPN,31.16
AAPL,156.82
ARCI,0.5184
APDN,0.448
APDNW,0.01
AGTC,2.905
AMAT,35.71
AAOI,16.59
AREX,1.08
APRI,0.2381
APVO,1.61
APTX,5.24
APM,14.46
APTO,2.21
APYX,8.38
AQMS,2.09
AQB,2.37
AQST,6.92
AQXP,2.3832
PETX,4.42
ARAV,3.72
ABUS,3.69
ARCW,0.89
ABIO,0.4248
RKDA,3.66
ARCB,39.38
ACGL,28.48
ACGLO,22.69
ACGLP,22.05
FUV,3.54
ARCE,22.07
ARCT,5.02
ARDX,2.23
ARNA,43.17
ARCC,16.24
ARGX,102.04
ARDS,9.011
ARKR,18.35
ARTX,3.24
ARQL,3.74
ARRY,17.53
ARRS,30.81
DWCR,26.2701
DWAT,10.2091
AROW,32.47
ARWR,14.52
ASNS,3.2
ARTNA,34.7
ARTW,2.0656
ARVN,16.65
ARYA,9.8
ARYAU,10.34
ARYAW,1.6
ASNA,3.03
ASND,73.89
ASCMA,0.61
APWC,1.9425
ASLN,3.5
ASML,162.7
ASPU,4.94
AZPN,90.97
ASMB,21
ASRT,4.18
ASFI,4.15
ASTE,37.83
ATRO,30.67
ALOT,19.64
ASTC,5
ASUR,5.84
ASV,3.74
ATAI,0.98
ATRA,37.25
ATHN,133.83
ATNX,12.05
ATHX,1.43
AAME,2.733
ACBI,18.17
AY,18.06
ATLC,3.2675
AAWW,50.55
AFH,9.98
AFHBL,25.17
TEAM,90.67
ATNI,76.2
ATOM,3.0803
ATOS,1.3424
ATRC,31.73
ATRI,765.82
ATIS,0.28
ATISW,0.1489
ATTU,24.69
LIFE,0.5731
AUBN,33.6
BOLD,24.56
AUDC,12.6
AEYE,10.8
AUPH,7.55
EARS,0.409
JG,6.29
ADSK,141.73
AUTL,31.03
ADP,135.18
AUTO,3.47
AVDL,2.55
AVCO,5.6
ATXI,6.59
AVEO,1.94
AVNW,14.15
CDMO,3.96
CDMOP,25.3572
AVID,4.83
AVGR,0.2884
CAR,27
AVT,42.49
AVRO,13.36
AWRE,3.6
ACLS,19.53
AXGN,16.03
AAXN,50.19
AXNX,15.18
AXON          ,1.01
AXSM,8.16
AXTI,4
AYTU,1.05
AZRX,2.44
BCOM,5.5
RILY,14.6
RILYG,24.04
RILYH,25.3
RILYI,24.84
RILYL,25.355
RILYZ,24.3
BOSC,2.24
BIDU,171.36
BCPC,83.68
BLDP,3.15
BANF,54.21
BANFP,26.336
BCTF,14.6273
BAND,44
BFC,47.45
BOCH,10.85
BMRC,43.25
BMLP,44.94
BKSC,18.3
BOTJ,13.5
OZK,32.06
BSVN,15.65
BFIN,14.46
BWFG,28.78
BANR,56.29
BZUN,33.29
DFVL,60.34
DFVS,34.1
DLBS,18.9
DTUL,55.0347
DTUS,37.22
DTYL,75.06
DTYS,20.4553
FLAT,66.29
STPP,29.9906
TAPR,24.7
BBSI,58.91
GOLD,11.79
BSET,18.9
ZTEST,9.9
BCML,21.81
BCBP,11.1
BECN,34.2
BBGI,4.76
BBBY,14.73
BGNE,143.28
BELFA,18.7
BELFB,20.38
BLPH,0.9526
BLCM,3.38
BNCL,15.35
BNFT,53.95
BNTC,1.42
BNTCW,0.175
BRY,10.94
BYSI,18.85
BGCP,6.34
BGFV,3.75
BRPA,10.25
BRPAR,0.31
BRPAU,10.59
BRPAW,0.27
BILI,16.71
BASI,1.42
ORPN,1.0349
BIOC,2.29
BCRX,9.39
BDSI,4.32
BFRA,13.29
BIIB,337.42
BHTG,2.69
BKYI,0.928
BIOL,1.33
BLFS,12.2
BLRX,0.58
BMRN,97.69
BMRA,2.4
BNGO,4.479
BNGOW,2.09
BVXV,5.18
BVXVW,0.75
BPTH,1.75
BIOS,3.69
BSGM,4.4656
BSTC,66.51
TECH,163.17
BEAT,68.35
BTAI,5.86
BCAC,10.38
BCACR,0.2301
BCACU,10.8
BCACW,0.1995
BJRI,54.17
BRAC,10.09
BRACR,0.21
BRACU,10.47
BRACW,0.3
BLKB,70.74
BL,46.79
BKCC,6.14
TCPC,14.19
BLNK,1.79
BLNKW,0.36
BLMN,19.37
BCOR,29.13
BLBD,20.47
BHBK,22.86
BLUE,129.96
BKEP,1.7915
BKEPP,5.36
BPMC,70.02
ITEQ,33.31
BMCH,16.61
WIFI,23.08
BOJA,16.04
BOKF,81.77
BOKFL,24.21
BNSO,2.3416
BKNG,1760.26
BRQS,4.978
BOMN,25
BPFH,11.74
EPAY,50
BOXL,1.75
BWMC,n/a
BWMCU,9.9534
BWMCW,n/a
BCLI,3.47
BVNSC,100.04
BDGE,28.1
BLIN          ,0.265
BWB,10.85
BRID,23.55
BCOV,7.28
BHF,36.43
BHFAL,24.59
AVGO,260.82
BVSN,1.3
BYFC,1.27
BWEN,1.56
BPY,17.45
BPR,17.45
BPRAP,22.9
BRKL,14.56
BRKS,29.07
DOOO,30.46
BRKR,34.52
BMTC,38
BLMT,32.08
BSQR,2.175
BLDR,12.52
BFST,24
CFFI,51
CHRW,88.67
CCMP,97.29
CDNS,46.62
CDZI,10.09
CZR,8.95
CSTE,15.37
CLBS,5
CHY,10.8
CHI,9.99
CCD,19.28
CHW,7.46
CGO,11.42
CSQ,11.68
CAMP,13.99
CVGW,81.06
CALA,4.46
CALM,43.23
CLMT,3.18
CRUSC,100.02
CLXT,11.66
CATC,72.85
CAC,39.65
CAMT,7.03
CSIQ,18.03
CGIX,0.283
CPHC,15.5276
CBNK,11.73
CCBG,25.47
CPLP,2.33
CSWC,21.6
CSWCL,25.3999
CPTA,8.02
CPTAG,24.88
CPTAL,24.9
CFFN,13.64
CAPR,0.665
CSTR,15.04
CPST,0.96
CARA,15.35
CBLK,14.3
CARB,28.17
CSII,29.14
CDLX,17.44
CATM,30.33
CDNA,24.62
CECO,12.85
CTRE,20.22
CARG,38.43
CARO,33.68
CART,7.81
CRZO,12.53
TAST,8.66
CARV,3.5039
CASM,1.9423
CASA,11.2
CWST,31.73
CASY,134.03
CASI,3.64
CASS,53.15
CATB,6.62
CBIO,7.94
CPRX,2.62
CATS,10.6
CATY,37.67
CGVIC,100.1
CIVEC,100.12
CVCO,149.25
CBFV,24.3
CBAT,1.05
CBMB,12.75
CBOE,95.09
CBTX,32.29
CDK,50.24
CDW,81.69
CECE,7.06
CELC,22.73
CELG,86.27
CELGZ,0.81
CLDX,0.3415
APOP,2.85
APOPW,0.645
CLRB,2.02
CLRBW,0.05
CLRBZ,0.095
CLLS,16.74
CBMG,18.91
CLSN,2.3
CELH,3.69
CYAD,22.59
CETX,0.7988
CETXP,1.5
CETXW,0.0113
CDEV,14.2
CSFL,23.87
CETV,3.31
CFBK,12.825
CENT,39.43
CENTA,36.16
CVCY,19.42
CTRC,3.65
CENX,9.31
CNBKA,77.03
CNTY,7.75
CRNT,3.76
CERC,5.1
CERN,54.06
CERS,5.68
KOOL,0.301
CEVA,26.74
CFFAU,10.09
CSBR,9.99
CYOU,18.07
BURG,1.88
CTHR,0.96
GTLS,73.26
CHTR,291.4
CTAC,9.66
CTACU,10
CTACW,0.7304
CHKP,106.84
CHEK,2.77
CHEKW,0.12
CHEKZ,0.2601
CKPT,3.6
CEMI,7.05
CHFC,43.64
CCXI,12.45
CHMG,41.77
CHKE,0.73
CHFS,9.18
CHMA,3.75
CSSE,8.1
CSSEP,24.9261
PLCE,90.93
CMRX,2.7
CADC,3.8
CAAS,2.92
GLG,2.05
CBPO,81.18
CCCL,1.85
CCRC,11.95
JRJC,1.11
HGSH,1.029
CIFS,0.9703
CJJD,2.09
CLDC,1.06
CHNR,1.69
CREG,0.8575
SXTC,4.7
CNTF,1.25
CXDC,2.82
CCIH,1.14
CNET,1.66
IMOS,16.43
CDXC,3.34
CHSCL,27.71
CHSCM,25.91
CHSCN,26.78
CHSCO,27.96
CHSCP,28.6
CHDN,267.14
CHUY,21.9
CDTX,2.94
CMCT,17.55
CMCTP,30
CMPR,119.99
CINF,80.35
CIDM,0.8014
CTAS,184.91
CRUS,36.65
CSCO,45.03
CTRN,20.61
CTXR,1.14
CTXRW,0.0656
CZNC,24.67
CZWI,11.05
CZFC,21.37
CIZN,21.87
CTXS,108.74
CHCO,70.76
CIVB,19.36
CIVBP,61.38
CLAR,10.17
CLNE,1.98
CACG,29.16
YLDE,27.03
LRGE,31.2233
CLFD,11.21
CLRO,1.48
CLSD,1.16
CLIR,1.2
CLIRW,0.01
CMTA,13.51
CBLI,1.46
CLVS,24
CLPS,6.05
CMFN,7.13
CMFNL,25.2
CMSS,10.2
CMSSR,0.32
CMSSU,10.38
CMSSW,0.24
CME,183.43
CCNE,24.71
CCB,14.94
COKE,207.45
COCP,3.86
CODA,5.8536
CDXS,17
CODX,1.17
CVLY,21.78
JVA,4.45
CCOI,48.68
CGNX,42.94
CTSH,67.82
CWBR,3.73
COHR,120.33
CHRS,11.72
COHU,17.76
CLCT,13.23
COLL,15.76
CIGI,61.44
CLGN,4.75
CBAN,15.69
COLB,38.29
CLBK,15.01
COLM,86.09
CMCO,34.23
CMCSA,36.21
CCNI,4.425
CBSH,61.61
CBSHP,25.62
CVGI,7.25
COMM,19.05
JCS,2.29
ESXB,7.7
CFBI,10.86
CTBI,41.9
CWBC,10.095
CVLT,62.53
CGEN,3.17
CPSI,27.05
CTG,4.18
SCOR,17.7
CHCI,2.01
CMTL,25.65
CNAT,1.85
CNCE,14.22
BBCP,7.57
CDOR,8.52
CFMS,0.579
CNFR,4.86
CNFRL,24.8289
CNMD,66.64
CTWS,65.77
CNOB,20.54
CONN,19.65
CNSL,10.95
CWCO,12.39
CNAC,10.28
CNACR,0.17
CNACU,10.42
CNACW,0.09
CNST,6.32
ROAD,11.15
CPSS,3.7
CFRX,0.548
CTRV,0.335
CTRL,18.75
AWSM,2.06
CPRT,50.06
CRBP,7.53
CORT,14.94
CORE,28.74
CSOD,54.71
CORV,3.26
CRVL,64.21
CRVS,4.12
CSGP,380.1
COST,213.59
CPAH,1.42
ICBK,19.02
COUP,76.66
CVTI,22.32
COWN,15.78
COWNL,24.22
COWNZ,24.7
PMTS,2.98
CPSH,1.45
CRAI,41.54
CBRL,168.46
BREW,15.87
CRAY,22.32
CREX,2.46
CREXW,0.4
CACC,429.12
DGLD,47.17
DSLV,28.92
GLDI,8.535
SLVO,6.84
TVIX,43.72
UGLD,94.39
USLV,71.37
USOI,21.64
VIIX,15.66
ZIV,66.83
CREE,48.41
CRESY,13.11
CRNX,23
CRSP,37.13
CRTO,24.95
CROX,29.39
CRON,14.9
CCRN,9.26
CRWS,5.8626
CYRX,9.16
CYRXW,6.25
CSGS,35.22
CCLP,2.98
CSPI,9.51
CSWI,51.4
CSX,67.36
CTIC,1.22
CTIB,3.2099
CTRP,32.4
CUE,5.83
CUI,1.69
CPIX,5.83
CMLS,12.09
CRIS,1.16
CUTR,14.26
CVBF,22.5
CVV,4.27
CYAN,3.04
CYBR,78.52
CYBE,19.4
CYCC,0.7711
CYCCP,5.6
CBAY,8.93
CY,13.29
CYRN,2.76
CONE,52.15
CYTK,6.85
CTMX,16.76
CYTX,0.325
CYTXZ,0.0033
CTSO,7.7
CYTR,0.6061
DJCO,215
DAKT,7.41
DARE,0.8619
DRIO,0.8448
DRIOW,0.0958
DZSI,12.85
DSKE,4.23
DSKEW,0.25
DAIO,5.97
DTSS,3.54
PLAY,50.71
DTEA,1.39
DFNL,22.19
DINT,16.63
DUSA,21.8
DWLD,21.72
DWSN,4.25
DBVT,7.08
DDMX,9.8
DDMXU,9.98
DDMXW,0.35
DCPH,26.75
DFRG,8.17
TACO,10.5
TACOW,1.5
DMPI,0.4189
DELT,1.06
DNLI,21.55
DENN,18.16
XRAY,40.83
DERM,6.79
DEST,3.25
DXLG,2.58
DSWL,3.0174
DXCM,149.52
DFBH,9.97
DFBHU,10.11
DFBHW,1
DHXM,2.24
DMAC,3.6387
DHIL,157.87
FANG,106.89
DCIX,0.9099
DRNA,10.77
DFFN,2.29
DGII,11.74
DMRC,19.02
DRAD,0.7566
DGLY,2.76
APPS,2.12
DCOM,18.31
DIOD,31.8
DISCA,27.71
DISCB,35
DISCK,25.92
DISH,29.8
DVCR,3.3
SAUC,1.16
DLHC,5.07
BOOM,37.41
DNBF,32.4191
DOCU,47
DOGZ,3.93
DLTR,94.66
DLPN,1.25
DLPNW,0.08
DOMO,26.59
DGICA,13.55
DGICB,12
DMLP,17.1
DORM,93.39
DOVA,8.23
LYL,1.34
DBX,23.59
DCAR,0.374
DRYS,5.93
DSPG,12.28
DLTH,23.66
DNKN,68.9
DRRX,0.58
DXPE,32.78
DYSL,1.08
DYNT,2.6299
DVAX,12.05
ETFC,50.66
SSP,18.46
EBMT,17.11
EGBN,54.15
EGLE,4.9
EFBI,15.37
EGRX,44.4
EWBC,50.25
EML,25.7
EAST,6.4
EVGBC,100.02
EVSTC,99.98
EVFTC,100.03
EVLMC,99.96
OKDCC,100.06
EBAY,31
EBAYL,25.69
EBIX,54.29
ECHO,23.57
SATS,39.5
EEI,11.7552
EDAP,2.67
EDGE,0.4025
EDNT,5.05
EDIT,26.14
EDTX,9.85
EDTXU,10
EDTXW,0.28
EDUC,7.86
EGAN,7.08
EHTH,46.25
EIDX,12.65
EIGR,13.81
EKSO,1.67
LOCO,17.23
EMITF,1.19
ESLT,123.05
ERI,44.38
SOLO,1.2691
SOLOW,0.38
ESIO,29.99
ECOR,5.22
EA,92.52
EFII,24.45
ELSE,3.65
ESBK,18.05
ELOX,11.57
ELTK,2.6399
EMCI,31.5
EMCF,29.8527
EMKR,4.65
EMMS,3.85
NYNY,14.02
ENTA,76.9
ECPG,28.48
WIRE,52.9
ENDP,9.7
ELGX,0.8299
NDRA,1.86
NDRAW,0.75
EIGI,7.72
WATT,7.25
EFOI,0.7401
ERII,7.64
ENG,0.7797
ENOB,8.2
ENPH,6.53
ESGR,174.57
ESGRO,24.81
ESGRP,24.36
ETTX,5.66
ENFC,21.83
ENTG,30.04
ENTX,3.7
ENTXW,0.89
EBTC,32
EFSC,41.34
EPZM,9.56
PLUS,75.12
EQ,12.02
EQIX,374.67
EQBK,34.81
ERIC,8.55
ERIE,142.95
ERYP,8
ESCA,11.68
ESPR,43.05
ESQ,22.39
ESSA,15.29
EPIX,3.92
ESND,12.59
ESTA,26.7
ESTR,1.87
ESTRW,0.095
VBND,47.5755
VUSE,30.52
VIDI,24.3
ETON,6.1
ETSY,55.83
CLWT,3.02
EDRY,8.76
EEFT,113
ESEA,0.8348
EVLO,10.06
EVBG,57.16
EVK,3.94
EVER,5.92
MRAM,6.57
EVLV,0.649
EVOP,24.01
EVFM,4
EVGN,2.12
EVOK,2.8
EOLS,15.98
EVOL,1.33
EXAS,78.8
FLAG,39.1392
ROBO,35.65
XELA,3.75
EXEL,22.65
EXFO,3.28
EXLS,55.8
EXPI,10.45
EXPE,118.48
EXPD,69.29
EXPO,52.96
STAY,16.5
XOG,4.95
EXTR,6.46
EYEG,0.508
EYEGW,0.0232
EYEN,2.78
EYPT,2.26
EZPW,9.25
FFIV,158.64
FB,150.04
FLMN,8.4
FLMNW,0.8963
DAVE,4.5393
FANH,23.005
FARM,24.46
FMAO,31.01
FMNB,13.1
FAMI,4.49
FARO,42.91
FAST,59.35
FAT,5.75
FATE,16.04
FBSS,18.55
FLF,12
FNHC,19.04
FENC,6.98
GSM,2.36
FFBW,10.13
FCSC,2.02
FGEN,52.72
FDBC,62.07
ONEQ,280.57
LION,28.95
FDUS,13.32
FDUSL,25.26
FRGI,15.45
FITB,27
FITBI,27
FISI,27.43
FNSR,21.72
FNJN,2.83
FTAC,9.64
FTACU,10.08
FTACW,0.7
FEYE,16.43
FBNC,36.16
FNLC,25.76
FRBA,11.48
BUSE,26.51
FBIZ,20.41
FCAP,42.75
FCBP,21.56
FCNCA,417.19
FCBC,34.2
FCCO,19.64
FDEF,27.06
FFBC,26.33
FFIN,63.06
THFF,42.17
FFNW,15.78
FFWM,14.72
FGBI,21.78
FHB,25.25
INBK,24.5
INBKL,25.9801
FIBK,39.11
FRME,38.18
FMBH,33.73
FMBI,22.08
FNWB,15.31
FSFG,50.86
FSLR,47.94
FAAR,26.3432
FPA,29.2702
BICK,26.6199
FBZ,14.833
FTHI,21.0699
FCAL,50.0337
FCAN,22.4033
FTCS,50.59
FCEF,20.41
FCA,25.4
SKYY,52.67
RNDM,47.29
FDT,52.8
FDTS,35.3601
FVC,25.66
FV,27.8
IFV,18.9
DDIV,22.46
DVOL,18.82
DVLU,17.1
DWPP,28.05
DALI,18.62
FDNI,20.3
FEM,24.4
RNEM,50.8089
FEMB,37.7856
FEMS,33.93
FTSM,59.93
FEP,33.47
FEUZ,36.5055
FGM,40.91
FTGC,18.64
FTLB,21.027
HYLS,46.92
FHK,34.72
NFTY,34.22
FTAG,23.2
FTRI,11.72
LEGR,27.3758
FPXI,32.34
FPXE,17.66
FJP,50.54
FEX,56.11
FTC,61.42
RNLC,20.8171
FTA,49.85
FLN,20.4688
LMBS,51.05
LDSF,20.2407
FMB,52.81
FMK,33.67
FNX,64.17
FNY,40.08
RNMC,20.4582
FNK,33.9155
FAD,66.48
FAB,52.5119
MDIV,17.97
MCEF,17.7304
FMHI,50.1549
QABA,47.86
ROBT,28.44
FTXO,25.38
QCLN,18.7578
GRID,42.58
CIBR,24.87
FTXG,19.18
CARZ,33.7942
FTXN,18.81
FTXH,20.47
FTXD,21.8733
FTXL,27.6001
FONE,44.8351
TDIV,34.855
FTXR,22.97
QQEW,59.22
QQXT,49.87
QTEC,72.83
AIRR,23.9816
RDVY,28.87
RFAP,51.186
RFDI,54.74
RFEM,59.09
RFEU,55.9351
FID,16.5094
FTSL,47.09
FYX,60.02
FYC,43.8957
RNSC,20.54
FYT,34.7711
SDVY,19.47
FKO,23.3
FCVT,29.01
FDIV,48.44
FSZ,47.28
FIXD,49.46
TUSA,31.79
FKU,34.7809
RNDV,20.5407
FUNC,17.57
FUSB,8.02
MYFW,13.75
FCFS,82.36
SVVC,13.33
FSV,76.38
FISV,77.82
FIVE,122.68
FPRX,11.19
FVE,0.723
FIVN,46.87
FLEX,8.14
FLKS,0.33
FLXN,14.58
SKOR,49.19
LKOR,49.01
MBSD,23.03
ASET,27.05
ESGG,88.783
ESG,63.35
QLC,32.19
FPAY,0.8495
FPAYW,0.23
FLXS,24
FLIR,45.39
FLNT,4.56
FLDM,8.73
FFIC,22.42
FNCB,9.7
FOMX,3.7
FOCS,27.36
FONR,21.9
FSCT,27.78
FRSX,1.8369
FORM,13.87
FORTY,38.7
FORR,44.98
FRTA,4.84
FTNT,70.5
FBIO,1.15
FBIOP,17.45
FTSV,14.47
FMCI,9.79
FMCIU,10.21
FMCIW,0.42
FWRD,59.09
FORD,1.45
FWP,1.05
FOSL,18
FOXF,63.91
FRAN,0.7332
FELE,46.4
FRED,2.77
RAIL,8.2
FEIM,11
FRPT,38.36
FTDR,28.53
FTEO,14.83
FTR,2.62
FRPH,50.1
FSBW,47.47
FSBC,16.56
FTD,2.29
FTEK,1.2
FCEL,0.5575
FLGT,3.9011
FORK,3.6
FLL,2.49
FULT,16.43
FNKO,16.41
FSNN,1.72
FTFT,0.92
FFHL,2.349
FVCB,17.6
WILC,7.5
GTHX,20.13
FOANC,99.96
GRBIC,99.99
MOGLC,99.96
PETZC,99.97
GAIA,11.21
GLPG,104.75
GALT,4.75
GLMD,8.48
GMDA,10.8
GLPI,35.55
GPIC,12.9501
GRMN,67.9
GARS,7.23
GLIBA,43.64
GLIBP,24.29
GDS,28.83
GEMP,1.0059
GENC,12.54
GFN,10.92
GFNCP,101.381
GFNSL,25.06
GENE,0.82
GNUS,2.63
GNMK,6.01
GNCA,0.59
GHDX,72.7
GNPX,1.5
GNTX,22.95
THRM,43.84
GEOS,14.99
GABC,31.31
GERN,1.09
GEVO,2.86
ROCK,36.53
GIGM,2.895
GIII,34.59
GILT,8.55
GILD,69.18
GBCI,43.76
GLAD,8.62
GLADD,24.81
GLADN,25.54
GOOD,19.4
GOODM,24.67
GOODO,25.8958
GOODP,25.77
GAIN,10.59
GAINL,24.81
GAINM,24.79
LAND,11.6
LANDP,25.512
GLBZ,10.3
GBT,48.87
ENT,2.42
GBLI,33.41
GBLIL,25.0659
GBLIZ,24.94
SELF,3.96
GWRS,9.66
DRIV,12.695
KRMA,19.6659
DAX,24.9794
EBIZ,15.68
FINX,24.88
AIQ,14.18
BFIT,18.5699
SNSR,17.68
LNGR,20.65
MILN,21.45
CHIC,24.34
EFAS,16.0454
QYLD,21.92
BOTZ,18.4
CATH,32.66
SOCL,30.7
ALTY,14.3
SRET,14.68
YLCO,12.01
GLBS,3.88
GLUU,9.69
GLYC,10.81
GOGO,3.94
GLNG,23.14
GMLP,13.74
GMLPP,25.07
DNJR,7.3
GDEN,20.05
GOGL,6.71
GBDC,18.18
GTIM,2.37
GSHD,28.67
GPRO,4.91
GPAQ,10.12
GPAQU,10.38
GPAQW,0.4
GRSH,9.68
GRSHU,10.1304
GRSHW,1.2
LOPE,93.5
GRVY,43
GECC,7.95
GECCL,24.8
GECCM,24.75
GEC,3.35
GLDD,7.38
GSBC,50.32
GRBK,8.06
GPP,14.32
GPRE,14.05
GCBC,30.25
GLAC,9.9712
GLACR,0.38
GLACU,10.45
GLACW,0.16
GLRE,10.18
GRNQ,3.7
GSKY,11.01
GSUM,2.14
GRIF,32.9
GRFS,19.36
GRIN,6.5
GRTS,15.6
GRPN,3.79
OMAB,45.76
GGAL,33.21
GVP,2.99
GSIT,7.78
GSVC,5.78
GTXI,0.9595
GTYH,10.19
GTYHU,10.1
GTYHW,0.69
GNTY,31.36
GFED,21.75
GH,41.25
GIFI,9.14
GURE,0.9603
GPOR,9.25
GWPH,137.29
GWGH,8.55
GYRO,18.7054
HEES,25.42
HLG,43
HNRG,5.15
HALL,9.61
HALO,16.43
HBK,14.15
HLNE,36.29
HJLI,1.58
HJLIW,0.3999
HWC,42.05
HWCPL,25.1
HAFC,21.64
HONE,16.04
HLIT,5.08
HROW,5.8
HFGIC,100.1
HBIO,3.22
HCAP,11.65
HCAPZ,25.1094
HAS,88.85
HA,33.52
HWKN,42.76
HWBK,22.5
HYAC,10.2
HYACU,10.85
HYACW,0.9
HAYN,31.52
HDS,40.03
HIIQ,35.78
HCSG,43.78
HQY,61.22
HSTM,25.26
HTLD,19.95
HTLF,47.54
HTBX,1.38
HEBT,0.89
HSII,33.25
HELE,114.69
HMNY,0.013
HSDT,8.33
HMTV,12.9
HNNA,10.38
HSIC,79.3
HTBK,12.89
HFWA,31.62
HCCI,26.83
MLHR,34.44
HRTX,27.03
HSKA,96.87
HX,2.94
HFFG,13.38
HIBB,15.68
SNLN,17.51
HPJ,2.4383
HIHO,3
HIMX,3.67
HIFS,196
HSGX,0.1548
HCCH,9.78
HCCHR,0.3
HCCHU,10.27
HCCHW,0.34
HMNF,19.51
HMSY,29.58
HOLI,21.16
HOLX,44.12
HBCP,36.51
HOMB,18.05
HFBL,29.52
HMST,26
HMTA,13.5
HTBI,26.75
FIXX,22.85
HOFT,28.84
HOPE,14.03
HFBC,19.47
HBNC,16.73
HZNP,21.84
HRZN,11.8
HPT,26.25
TWNK,11.67
TWNKW,1.15
HMHC,10.27
HWCC,5.49
HOVNP,2.0733
HBMD,15.3
HTGM,2.31
HTHT,34.93
HUBG,43.87
HSON,1.41
HDSN,1.16
HUNT,10.1
HUNTU,10.1
HUNTW,0.1
HBAN,13.59
HBANN,25.34
HBANO,25.55
HURC,36.55
HURN,48.52
HCM,22.15
HBP,2.28
HVBC,15.01
HYGS,6.55
HYRE,4
IDSY,6
IIIV,24
IAC,200.01
IBKC,73.82
IBKCO,26.15
IBKCP,26.15
ICAD,4.93
IEP,68.89
ICCH,14.19
ICFI,65
ICHR,19.3
ICLK,3.9
ICLR,133.18
ICON,0.1442
ICUI,238.09
IPWR,0.3575
IDEX,1.25
INVE,5.8
IDRA,2.93
IDXX,200.87
IESC,16.9
IROQ,19.95
IFMK,1.09
INFO,51.61
IIVI,34.37
KANG,20.53
IKNX,9.2
ILMN,312.75
ISNS,4.9321
IMMR,9.8
ICCC,7.56
IMDZ,1.42
IMGN,5.1
IMMU,13.31
IMRN,7.4076
IMRNW,1.6078
IMMP,2.18
PI,15.81
IMV,5.8446
INCY,78.42
INDB,76.25
IBCP,22.8
IBTX,52.71
ILPT,19.88
IDSA,1.15
INFN,4.22
INFI,1.24
IFRX,35.32
III,4.11
IEA,8.66
IEAWW,0.9044
IMKTA,30.35
INWK,4.57
INOD,1.43
IPHS,28.03
IOSP,67.14
INNT,2.29
ISSC,2.16
INVA,19.67
INGN,150.13
INOV,14.46
INO,5.09
INPX,2.23
INSG,5.21
NSIT,44.61
ISIG,1.5334
INSM,23.99
INSE,5.83
IIIN,21.89
PODD,74.95
INSY,4.4
NTEC,7.53
IART,47.04
IDTI,48.24
IMTE,6.98
INTC,49.19
NTLA,15.2
IPCI,0.3004
IPAR,62.53
ICPT,113.45
IDCC,72.34
TILE,16.2
LINK,2.16
IMI,1.12
INAP,5.81
IBOC,36.39
IMXI,11.74
ISCA,44.41
IGLD,0.9701
IIJI,12.036
IDXG,1.08
XENT,29.28
IPLDP,25.1
IVAC,5.3232
INTL,38.63
ITCI,12.55
XON,8.83
IIN,27.46
INTU,213.87
ISRG,542.55
PLW,31.74
ADRA,30.09
ADRD,20.6301
ADRE,39.2371
ADRU,19.9795
PKW,56.37
PFM,25.97
PYZ,57.49
PEZ,50.68
PSL,68.23
PIZ,24.07
PIE,16.22
PXI,32.54
PFI,30.544
PTH,77.86
PRN,54.64
DWLV,29.3268
PDP,51.63
DWAQ,98.1681
DWAS,47.42
DWIN,24.36
DWTR,26.57
PTF,57.6908
PUI,29.73
IDLB,27.3863
PRFZ,124.63
PAGG,25.53
PSAU,17.1039
PIO,24.63
PGJ,35.74
PEY,16.9
IPKW,30.92
PID,15.24
KBWB,50.19
KBWD,21.69
KBWY,31.01
KBWP,59.5013
KBWR,50.74
LDRI,24.69
LALT,21.5921
PNQI,122.68
PDBC,16.17
QQQ,165.25
USLB,30.28
PSCD,60.4
PSCC,75.2706
PSCE,10.54
PSCF,52.2
PSCH,117.1
PSCI,61.63
PSCT,74.41
PSCM,45.28
PSCU,52.24
ISDX,22.75
ISDS,22.55
ISEM,24.9048
IUS,22.65
IUSS,21.37
VRIG,24.77
PHO,30.34
ISTR,23.02
ISBC,11.84
ITIC,172.72
NVIV,1.58
IONS,58.03
IOVA,9.42
IPAS,2.5505
IPGP,132.51
IPIC,4.1299
CLRG,23.2528
CSML,24.79
IQ,18.5
IRMD,25.8
IRTC,82.78
IRIX,4.79
IRDM,19.71
IRDMB,635.559
IRBT,89.55
IRWD,12.91
IRCP,21.25
SLQD,49.74
ISHG,79.58
SHY,83.54
TLT,119.56
IEI,120.92
IEF,103.43
AIA,58.38
USIG,53.37
COMT,32.25
ISTB,49.22
IXUS,55.74
IUSG,55.97
IUSV,52.63
IUSB,49.36
HEWG,25.26
SUSB,24.59
ESGD,60.48
ESGE,32.6
ESGU,58.3086
SUSC,24.0576
XT,35.51
FALN,25.5234
IFEU,36.422
IFGL,28.58
BGRN,51.01
IGF,41.5
GNMA,48.76
HYXE,49.96
IGIB,53.03
IGOV,48.37
EMB,106.72
MBB,104.63
JKI,150.399
ACWX,44.39
ACWI,68.23
AAXJ,66.9
EWZS,15.91
MCHI,57.15
SCZ,55.31
EEMA,63.45
EMXC,48.2064
EUFN,18.175
IEUS,48.33
RING,15.77
SDG,56.24
ENZL,48.19
QAT,19.77
TUR,26.93
UAE,14.1
IBB,110.47
SOXX,166.85
AMCA,26.41
EMIF,29.74
ICLN,8.95
WOOD,63.52
INDY,34.87
IJT,174.77
DVY,93.87
SHV,110.48
IGSB,51.89
PFF,35.5
ISRL,111.11
ITI,4.01
ITRM,5.9496
ITRI,54.48
ITRN,31.19
IVENC,100.02
IVFGC,100.02
IVFVC,100.02
IZEA,1.61
JJSF,147.24
MAYS,40.025
JBHT,106.11
JCOM,73.82
JKHY,130.87
JACK,81.14
JAGX,0.27
JAKK,1.96
JRVR,38.89
JSML,39.5592
JSMD,40.605
JASN,1.405
JASNW,0.01
JAZZ,129.07
JD,23.26
JSYN,10.05
JSYNR,0.15
JSYNU,12.25
JSYNW,0.0748
JRSH,6.7665
JBLU,17.6
JCTCF,7.5
JMU,0.76
JBSS,63.25
JOUT,66.83
JNCE,3.8
KALU,100.69
KALA,5.89
KALV,16.71
KMDA,5.33
KNDI,5.07
KPTI,9.86
KZIA,3
KBLM,10.2
KBLMR,0.2098
KBLMU,10.56
KBLMW,0.137
KBSF,3.6999
KCAP,3.56
KCAPL,24.975
KRNY,13.32
KELYA,23.38
KELYB,22.01
KMPH,2.64
KFFB,6.98
KEQU,32.515
KTCC,6.28
KZR,20.57
KFRC,32.84
KE,16.5
KBAL,14.86
KIN,9.85
KGJI,0.749
KINS,15.81
KNSA,23.97
KNSL,60.48
KIRK,10.85
KTOV,1.33
KTOVW,0.305
KLAC,95.73
KLXE,27.97
KOD,8.5
KONA,1.18
KOPN,1.32
KRNT,20.09
KOSS,2.14
KWEB,41.82
KTOS,14.63
KRYS,23.27
KLIC,21.79
KURA,15.85
KVHI,11.2
FSTR,18.31
LJPC,6.3
LSBK,15.6
LBAI,16.17
LKFN,44.44
LAKE,11.55
LRCX,147.55
LAMR,74.16
LANC,172.76
LNDC,11.57
LARK,23.2
LMRK,14.62
LMRKN,21.735
LMRKO,23.61
LMRKP,23.9133
LE,17.35
LSTR,104.52
LNTH,16.57
LTRX,3.48
LSCC,7.44
LAUR,15.28
LAWS,29.5
LAZY,6.85
LCNB,16.11
LPTX,3.01
LEGH,13.15
LGCY,1.73
LTXB,39.06
DDBI,26.63
EDBI,28.68
INFR,27.7305
LVHD,29.97
SQLV,26.85
UDBI,28.22
LACQ,9.92
LACQU,10.18
LACQW,0.769
LMAT,23.38
TREE,288.46
LEVL,24.61
LXRX,5.96
LX,9.33
LFAC,9.8
LFACU,10.1
LFACW,0.34
LGIH,55.6
LHCG,103.19
LLIT,1.505
LBRDA,75.37
LBRDK,75.6
LEXEA,41.23
LEXEB,40.17
LBTYA,22.16
LBTYB,22.1703
LBTYK,21.57
LILA,16.43
LILAK,16.44
BATRA,26.14
BATRK,25.99
FWONA,31.19
FWONK,32.04
LSXMA,39.13
LSXMB,38.75
LSXMK,39.36
LTRPA,17.39
LTRPB,17.0979
LCUT,10.99
LFVN,14.53
LWAY,2.7
LGND,117.9
LTBR,0.738
LPTH,1.85
LLEX,1.79
LMB,5.1
LLNW,2.85
LMST,14.2
LMNR,21.17
LINC,2.87
LECO,84.22
LIND,12.46
LINDW,2.73
LPCN,1.67
YVR,2.41
LQDA,13.55
LQDT,8.53
LFUS,187.42
LIVN,92.32
LOB,15.91
LIVE,7.449
LPSN,20.52
LIVX,6.59
LKQ,26.25
LMFA,1.86
LMFAW,0.0625
LOGC,8.12
LOGI,33.44
LOGM,89.76
CNCR,20.8362
CHNA,21.0099
LONE,4.84
LOAC,10
LOACR,0.4
LOACU,10.13
LOACW,0.15
LOOP,8.75
LORL,37.16
LOXO,233.5
LPLA,70.88
LRAD,2.51
LYTS,3.66
LULU,152.07
LITE,47.03
LMNX,26.62
LUNA,3.42
LKCO,7
LBC,9.96
MBTF,10.45
MCBC,9.82
MFNC,14.81
MTSI,16.67
MGNX,12.31
MDGL,120.05
MAGS,5.24
MGLN,62.34
MGTA,7
MGIC,8.17
MNGA,0.1938
MGYR,11.57
MHLD,1.59
MMYT,26.02
MBUU,38.91
MLVF,20.82
MAMS,8.15
TUSK,22.77
RPIBC,100.03
MANH,48.37
LOAN,6.06
MNTX,7.04
MTEX,19.5
MNKD,1.41
MANT,55.79
MARA,0.383
MCHX,3.48
MRIN,6.68
MARPS,2
MRNS,3.22
MRKR,6
MKTX,219.18
MRLN,22.8
MAR,109.05
MBII,1.36
MRTN,19.39
MMLP,12.57
MRVL,16.88
MASI,120.62
MCFT,22.65
MTCH,48.22
MTLS,17.59
MTRX,20.49
MAT,12.44
MATW,44.36
MXIM,53.61
MXWL,2.92
MBFI,44.6
MBFIO,24.25
MGRC,50.93
MDCA,2.92
MDJH,3.65
MDRR,7.31
MFIN,5.21
MFINL,25.5199
MTBC,4.55
MTBCP,26.4592
MNOV,9.81
MDSO,69.46
MDGS,2.6
MDGSW,0.59
MDWD,4.38
MEDP,61.36
MEIP,2.73
MGTX,10.05
MLCO,21.2
MLNT,1.02
MLNX,83.04
MELR,18.88
MNLO,5.57
MTSL,1.8801
MELI,350.66
AMTB,13.5
AMTBB,12.4
MBWM,32.15
MERC,14.77
MBIN,21.46
MRCY,48.97
EBSB,15.67
VIVO,16.82
MRBK,16.8
MMSI,53.6
MACK,5
MRSN,3.71
MRUS,12.9
MESA,8.65
MLAB,216.05
MESO,4.72
CASH,21.52
MEOH,58.96
MGEE,60.88
MGPI,68.02
MBOT,8.6
MCHP,77.64
MU,35.76
MSFT,107.71
MSTR,136.32
MVIS,0.8047
MICT,0.92
MPB,24.01
MTP,0.1506
MCEP,1.04
MBCN,43.13
MSEX,55.53
MSBI,23.71
MSVB,12.15
MOFG,26.3
MLND,11.19
TIGO,69.24
MIME,34.55
MNDO,2.48
MB,36.53
NERV,7.07
MGEN,3.02
MRTX,64.92
MSON,17.76
MIND,3.8
MINDP,22.4029
MITK,11.39
MKSI,74.16
MMAC,26.47
MTC,6.35
MINI,36.62
MOBL,4.83
MMDM,10.24
MMDMR,0.27
MMDMU,10.41
MMDMW,0.254
MRNA,16.69
MOGO,2.222
MTEM,4.22
MBRX,1.42
MNTA,12.16
MOMO,30.26
MKGI,2.7
MCRI,42.52
MDLZ,43.36
MGI,2.2
MDB,80.34
MPWR,124.77
TYPE,16.41
MNRO,73.14
MRCC,11.7
MRCCL,24.65
MNST,55.58
MORN,115.1
MOR,28.75
MOSY,0.166
MTFB,10.1
MTFBW,2.762
MPAA,20.14
MOTS,4.48
MPVD,1.19
MOXC,0.7102
COOP,14.24
MSBF,17.86
MTEC,10.057
MTECU,10.6
MTECW,0.59
MTSC,47.71
MUDS,9.9
MUDSU,10.5
MUDSW,0.45
LABL,42.98
MBIO,3.31
MFSF,28.23
MVBF,17.41
MYSZ,0.86
MYL,29.59
MYND,1.3
MYNDW,0.14
MYOK,45.52
MYOS,1.79
MYRG,31.03
MYGN,29.67
NBRV,1.97
NAKD,0.83
NNDM,1.34
NANO,29.41
NSTG,20.25
NAOV,3.4
NH,0.7001
NK,1.35
NSSC,16.71
NDAQ,83.14
NTRA,14.6
NATH,73.22
NAUH,0.21
NKSH,34.49
FIZZ,81.91
NCMI,7.04
NCOM,39.27
NESR,8.27
NESRW,0.95
NGHC,24.03
NGHCN,22
NGHCO,22.18
NGHCP,22.9602
NGHCZ,24.4
NHLD,3.25
NHLDW,0.5
NATI,45.87
NRC,39.16
NSEC,12.5
EYE,33.25
NWLI,301.5
NAII,10.96
NHTC,15.81
NATR,8.03
BABY,34.09
JSM,17.07
NAVI,10.91
NMCI,2.96
NBTB,36.79
NCSM,6.25
NEBU,10.04
NEBUU,10.1
NEBUW,1
NKTR,46.2
NMRD,1.03
NEOG,60.48
NEO,15.82
NTGN,4.89
NEON,2.6
NEOS,2.05
NVCN,0.7516
NEPT,3.49
UEPS,5.22
NETE,6.3
NTAP,62.98
NTES,252.68
NFLX,339.1
NTGR,38.47
NTCT,26.49
NTWK,7.17
CUR,0.408
NBIX,91.53
NURO,1.25
NUROW,0.0399
STIM,14.4
NTRP,3.95
NBEV,6.43
NYMT,6.08
NYMTN,22.48
NYMTO,23.079
NYMTP,23.04
NEWA,5.92
NWL,21.09
NLNK,1.52
NMRK,10.33
NWS,12.68
NWSA,12.52
NEWT,19.38
NEWTI,25.19
NEWTZ,25.557
NXEO,9.12
NXEOU,9
NXEOW,0.39
NXST,83.45
NEXT,4.51
NXGN,18.26
NFEC,12.26
NODK,15.49
EGOV,13.81
NICE,106.11
NICK,10.785
NCBS,54.49
NITE,14.74
NIHD,5.22
NIU,7.8312
LASR,19.38
NMIH,20
NNBR,8.46
NDLS,7.56
NDSN,128.28
NSYS,4.32
NBN,18.7
NTIC,29.455
NTRS,91.16
NTRSP,25.8
NFBK,14.24
NRIM,34.94
NWBI,18.23
NWPX,23.02
NCLH,47.53
NWFL,30.09
NVFY,0.7205
NVMI,23.63
NOVN,1.3821
NOVT,69.43
NVAX,2.05
NVLN,0.9701
NVCR,46.45
NVMM,0.69
NVUS,2.1635
NUAN,15.35
NCNA,16.02
NTNX,52.16
NTRI,43.54
NUVA,48.02
NVTR,14.01
QQQX,21.55
NVEE,69.06
NVEC,97.25
NVDA,156.93
NXPI,80.79
NXTM,28.5
NXTD,1.3
NXTDW,0.1095
NYMX,2.26
OIIM,1.6508
OVLY,17.81
OCSL,4.64
OCSLL,24.75
OCSI,8.4
OASM,3.1158
OBLN,1.71
OBSV,13.74
OBCI,3.6709
OPTT,0.3498
OCFC,23.36
OFED,26.15
OCUL,3.94
ODT,17.03
OMEX,5.65
ODP,2.99
OPI,32.22
OPINI,23.49
OFS,11.1
OFSSL,24.8
OFSSZ,24.8748
OCCI,15.65
OHAI,1.14
OVBC,34.95
OHRP,0.1277
OKTA,77.9
ODFL,136.63
OLBK,29.15
ONB,16.75
OPOF,20.5
OSBC,14.27
OSBCP,10.4268
OLLI,75.68
ZEUS,18.92
OFLX,63.4
OMER,13.43
OMCL,67.61
ON,18.41
OTIV,0.75
ONCY,2.02
OMED,0.79
ONTX,1.95
ONTXW,0.055
ONCS,0.7195
OHGI,0.113
OSS,2.44
OSPN,14.38
OPBK,9.19
OTEX,35.29
OPRA,7.55
OPES,10.05
OPESU,10.2397
OPESW,0.26
OPGN,1.6999
OPGNW,0.25
OPHT,1.39
OPNT,15.145
OPK,3.8
OBAS,9.34
OCC,3.69
OPRX,11.285
OPHC,3.5
OPTN,7.17
OPB,21.62
ORMP,3.41
OSUR,12.19
ORBC,8.5
ORBK,58.42
ORTX,13.32
ORLY,351.5
ORGO,30.35
ONVO,1.03
ORGS,5.16
SEED,6.37
OBNK,36.22
OESX,0.95
ORIT,16.15
ORRF,19.36
OFIX,51.93
KIDS,34.04
OSIS,76.7
OSIR,14.5
OSMT,8.2
OSN,1.61
OTEL,16.0793
OTIC,2.03
OTTW,13.3901
OTTR,48.37
OTLK,0.6602
OTLKW,0.1635
OSTK,15.13
OVID,3.555
OXBR,1
OXBRW,0.007
OXFD,14.88
OXLC,10.34
OXLCM,25.2607
OXLCO,25.5
OXSQ,6.32
OXSQL,25.09
PFIN,7.7
PTSI,51.91
PCAR,62.98
VETS,23.81
PACB,7.34
PCB,15
PEIX,1.13
PMBC,7.8
PPBI,28.77
PCRX,40.04
PACW,39.55
PTIE,1.13
PAAS,14.18
PANL,3.1
PZZA,42.86
FRSH,4.79
PRTK,6.72
TEUM,2.34
PNRL,6.85
PCYG,7.39
PKBK,18.91
PKOH,31.2
PTNR,4.56
PBHC,14.2628
PATK,38.95
PNBK,14.35
PATI,18.75
PEGI,20.06
PDCO,22.29
PTEN,12.86
PAVM,0.9709
PAVMW,0.58
PAVMZ,0.36
PAYX,69.9
PCTY,66.37
PYDS,2.18
PYPL,91.12
PBBI,11.02
CNXN,32.54
PCMI,19.83
PCSB,20.02
PCTI,5.12
PDCE,33.55
PDFS,9.85
PDLI,3.12
PDLB,12.71
PDVW,39.73
SKIS,4.96
PGC,27.71
PEGA,54.6
PENN,24.6
PVAC,55.09
PFLT,12.59
PNNT,7.17
PWOD,38.72
WRLS,10.18
WRLSR,0.26
WRLSU,10.48
WRLSW,0.25
PEBO,31.51
PEBK,26.82
PFIS,41.97
PBCT,16.37
PBCTP,24.99
PUB,30.8
KPFS,5.7545
PEP,110.07
PRCP,8.53
PRFT,25.1
PFMT,1.98
PERI,3.18
PESI,3.22
PPIH,8.63
PTX,0.4
PGLC,1.16
PETQ,27.74
PETS,23.44
PFSW,6.44
PGTI,16.54
PHAS,3.78
PHII,2.825
PHIIK,2.44
PAHC,32.06
PHIO,0.3412
PHIOW,0.0489
PLAB,10.27
PHUN,149
PHUNW,0.54
PICO,9.97
PLL,7.35
PIRS,2.65
PPC,19.16
PDD,24.99
PME,2.2
PNFP,54.91
PT,11
PPSI,5.15
PXLW,3.2
EAGL,10.15
EAGLU,10.5
EAGLW,1.25
PLYA,7.74
PLXS,54.57
PLUG,1.38
PLBC,24.2016
PS,28.99
PSTI,1.12
PLXP,4.88
PNTR,13.51
PCOM,9.87
POLA,5.0233
PTE,16.7
POOL,152.65
POPE,69.4549
BPOP,51.62
BPOPM,24.75
BPOPN,25.5398
PTLA,26.53
PBPB,8.56
PCH,35.39
POWL,28.99
POWI,62.97
PRAA,29.76
PRAH,101.65
PRAN,1.6833
PRPO,0.2041
AIPT,0.987
PFBC,45.56
PLPC,56.45
PFBI,15.02
PINC,39.55
LENS,0.551
PSDO,14.87
PRGX,8.98
PSMT,65.93
PNRG,82.9299
PRMW,13.69
PRIM,20.24
PVAL,24.34
PFG,50.1
BTEC,32.25
PXUS,98.95
GENY,34.2133
PSET,32.88
PY,30.03
PMOM,26.39
USMC,26.4079
PSC,30.2766
PRNB,32.08
PRTH,6.51
PRTHU,7.21
PRTHW,1.2
PDEX,13.39
IPDN,1.3
PFIE,2.11
PGNX,4.91
PRGS,34.51
PFPT,93.77
PRPH,3.005
PRQR,15.43
EQRR,42.03
BIB,54.62
UBIO,29.4
TQQQ,44.91
ZBIO,14.34
SQQQ,13.32
BIS,17.41
PSEC,6.76
PTGX,8.15
PTVCA,18
PTVCB,17.48
PRTO,2.64
PTI,3.12
PRTA,11.97
PRVB,2.47
PVBC,21.6
PROV,16.24
PBIP,18.15
PMD,18.13
PTC,87.68
PTCT,34.44
PHCF,5.7
PULM,0.2446
PLSE,12.24
PBYI,25.22
PACQ,9.94
PACQU,10.445
PACQW,1.06
PCYO,9.84
PRPL,5.76
PXS,1.23
QADA,40.88
QADB,31.7
QCRH,34.67
QGEN,36.93
QIWI,14.35
QRVO,63.28
QCOM,55.27
QBAK,5.9
QLYS,79.98
QTNA,13.36
QTRX,21.03
QTRH,0.9521
QRHC,1.6
QUIK,0.86
QDEL,52.99
QNST,18.79
QUMU,2.215
QTNT,7.42
QRTEA,21.57
QRTEB,22.2
QTT,8.48
RRD,4.95
RCM,8.31
RARX,20
RADA,2.7
RDCM,8.21
RDUS,17.51
RDNT,12.43
RDWR,22.95
METC,5.75
RMBS,8.6
RAND,2.26
RNDB,13.46
RPD,36.46
RAVE,1.14
RAVN,38.41
RBB,18.22
ROLL,137.68
RICK,21.9
RCMT,3.82
RDI,15.73
RDIB,27.51
RGSE,0.525
BCNA,19.3576
BLCN,21.05
RLM,2.3
RNWK,3
RP,54.14
RETA,77.15
RCON,0.86
REPH,7.99
RRGB,33.05
RRR,24.73
RDVT,7.2
RDFN,18.48
RDHL,6.89
RBZ,1.77
RBZAW,0.1101
REG,61.69
REGN,418.84
RGNX,47.12
RGLS,1.11
RBNC,21.57
RELV,4.53
MARK,2.12
RNST,34.46
REGI,27.99
BIQI,2.045
RCII,17
RGEN,58.33
REPL,10.45
RBCAA,40.5
FRBK,6.35
REFR,2.28
RESN,2.56
RECN,16.44
HAIR,1.01
TORC,8.63
ROIC,16.88
RETO,1.85
RTRX,22.2
RVNC,17.81
RVEN,3.6999
RVLT,0.61
RWLK,0.2403
RFIL,8.32
RGCO,29.93
RBKB,11.612
RYTM,30.03
RBBN,5.67
RIBT,3.2
RELL,7.54
RIGL,2.09
RNET,15.26
RMNI,5.39
RIOT,1.63
REDU,8.82
RTTR,0.68
RVSB,7.51
RIVE,11.01
RCKT,15.94
RMTI,3.47
RCKY,28.62
RMCF,8.5
ROKU,40.98
ROSE,3
ROSEU,3.01
ROSEW,0.49
ROST,93.01
RGLD,82.37
RTIX,4.29
RBCN,8.2
RUBY,13.97
RMBL,6.84
RUSHA,39.33
RUSHB,39.71
RUTH,23.61
RYAAY,65.75
STBA,41.55
SANW,2.25
SCAC,10.18
SCACU,10.37
SCACW,0.65
SBRA,19.19
SABR,22.85
SAEX,4.1
SFET,2.975
SAFT,83.13
SGA,32.4
SAGE,139.79
SAIA,59.12
SALM,2.62
SAL,38.95
SAFM,120.81
SASR,31.72
SGMO,11.62
SANM,26.3
GCVRZ,0.4587
SNY,41.48
SPNS,11.95
SRPT,122.8
SVRA,7.38
SBFG,18.34
SBFGP,18
SBBX,20.92
SBAC,173.05
SCSC,37.25
SMIT,2.95
SCHN,24.03
SRRK,15.75
SCHL,41.45
SAMA,9.6279
SAMAU,9.99
SAMAW,0.36
SGMS,23.9
SCPH,3.58
SCYX,0.7425
SEAC,1.68
SBCF,28.75
STX,40.23
SHIP,0.5839
SHIPW,0.085
SHOS,2.21
SPNE,15.58
SGEN,73.61
EYES,0.8
EYESW,0.27
SECO,8.83
SCWX,16.51
SNFCA,5.16
SEIC,49.33
SLCT,12.26
SIC,8.02
SELB,2.04
SIGI,61.91
SLS,1.46
LEDS,2.79
SMTC,51.24
SENEA,29.8
SENEB,29.69
SNES,0.8096
SNH,13.05
SNHNI,21.32
SNHNL,24.41
AIHS,4.17
SRTS,8.14
SRTSW,0.9414
STNL,10.08
STNLU,10.25
STNLW,0.82
SQBG,0.9898
MCRB,5.71
SREV,1
SFBS,34.75
SESN,0.7049
SVBI,8.55
SGBX,3.06
SGOC,1.09
SMED,3.32
SHSP,14.34
SHEN,47.29
PIXY,1.34
SHLO,5.93
TYHT,0.51
SCVL,40.16
SHBI,14.92
SSTI,42.26
SFLY,44.53
SIFI,13.47
SIBN,20.77
SIEB,13.03
SNNA,2.98
SIEN,13
BSRR,26.25
SRRA,1.45
SWIR,15.18
SIFY,1.5921
SIGA,7.34
SGLB,2.15
SGLBW,0.75
SGMA,2.81
SBNY,124.4
SLGN,26.1
SILC,33.05
SLAB,88.25
SIMO,36.77
SAMG,13.08
SSNT,2.35
SFNC,26.48
WINR,2.3498
WINRW,0.29
SLP,19.6
SINA,61.72
SBGI,30.44
SINO,0.7933
SVA,6.55
SINT,0.209
SG,14.5
SIRI,6.05
SITO,1.17
SKYS,0.598
SKYW,49.59
SWKS,70.07
SNBR,35.97
SLM,9.39
SLMBP,59.6
SGH,22.71
SND,2.41
SMBK,17.99
SMSI,1.85
SMTX,5.6
SRAX,2.89
SCKT,2.05
SOHU,19.54
SLRC,19.97
SUNS,16.29
SEDG,37.18
SLNO,1.69
SLNOW,0.1136
SLGL,5.81
SLDB,25.71
SNGX,1.0332
SNGXW,0.3333
SNOA,0.816
SNOAW,0.02
SONO,11.72
SPHS,1.25
SORL,2.61
SRNE,2.3
SOHO,6.69
SOHOB,24.6012
SOHOO,23.27
SOHOK,25.5401
SFBC,33.63
SSB,67.09
SFST,33.32
SMBC,32.83
SONA,14.49
SBSI,35.14
SP,34.38
SGRP,0.67
SPKE,8.08
SPKEP,21.7405
ONCE,45.08
SPAR,8.16
SPTN,21.06
DWFI,22.67
SPPI,10.91
SPRO,8.05
ANY,2.66
SPEX,0.7416
SPI,1.05
SAVE,59.36
STXB,21.72
SPLK,120.72
SPOK,14.05
SPWH,5.02
SBPH,11.3
FUND,6.44
SFM,24.95
SPSC,86.86
SSNC,48.84
SSLJ,0.451
SSRM,11.63
STAA,35.16
STAF,2.04
STMP,175.85
STND,32.47
SBLK,10.44
SBLKZ,25.5
SBUX,64.7
STFC,34.52
GASS,3.21
STCN,1.71
STLD,34.3
SMRT,1.21
SBOT,1.14
STML,10.68
SRCL,41.77
SBT,8.37
STRL,13.3
SHOO,32.16
SSFN,8.75
SFIX,22.92
SYBT,34.23
BANX,19.73
STNE,22.19
SSKN,2.9
SSYS,21.28
STRA,111.26
HNDL,22.7089
STRT,35.16
STRS,25.27
STRM,1.27
SBBP,4.83
SUMR,1.14
SMMF,21.1
SSBI,12
SMMT,1.42
WISA,3.34
SNHY,35.44
SNDE,3.15
SNSS,0.472
STKL,4.45
SPWR,5.43
RUN,12.16
SUNW,0.405
SPCB,1.58
SCON,1.57
SGC,17.83
SUPN,38.05
SPRT,2.49
SURF,4.91
SGRY,13.07
SRDX,47.62
STRO,10
SIVB,230.99
SVMK,13.41
SYKE,27.14
SYMC,20.11
SYNC,1.81
SYNL,14.86
SYNA,39.53
SNCR,7.48
SNDX,5.78
SYNH,49.34
SGYP,0.2789
SYBX,7.24
SNPS,91.49
SES,0.8599
THOR,14.77
SYPR,1.1641
SYRS,6.75
TROW,96.61
TTOO,3.61
TRHC,68.43
TCMD,63.21
TAIT,1.86
TLC,7.23
TTWO,108.26
TLND,39.5
TNDM,43.55
TLF,5.8
TANH,1.78
TAOP,1.2
TEDU,6.7
TATT,6.605
TAYD,12.25
CGBD,14.69
AMTD,55.37
PETZ,0.7783
TECD,93.23
TCCO,2.6799
TTGT,13.58
TGLS,8.5
TGEN,3.65
TNAV,4.49
TLGT,1.74
TELL,8.35
TENB,26.07
TENX,1.19
TZAC,9.91
TZACU,10.07
TZACW,0.23
TER,32.9
TERP,11.59
TBNK,26.97
TSRO,74.96
TSLA,302.26
TESS,13.87
TTEK,53.5
TTPH,1.29
TCBI,58.56
TCBIL,25.15
TCBIP,25
TXN,99.42
TXRH,67
TFSL,16.73
TGTX,4.52
WTER,3.66
ANDE,34.08
TBBK,8.55
BPRN,29.24
CG,18.87
TCGP,22.05
CAKE,46.09
CHEF,35.19
TCFC,29.8
DSGX,30.15
DXYN,0.94
ENSG,40.7
XONE,7.81
FBMS,31.62
FLIC,20.98
GT,20.58
HABT,11.14
HCKT,18.25
HAIN,18.56
CUBA,5.56
INTG,32.0293
JYNT,8.1
KEYW,6.85
KHC,47.53
OLD,26.8
LOVE,23.61
MSG,274.59
MDCO,20
MEET,5.44
MIK,16.21
MIDD,117.09
NAVG,69.76
SLIM,33.85
STKS,3.15
ORG,26.362
PRSC,62.88
RMR,67.08
SMPL,20.39
TSG,17.94
TTD,138.99
ULTI,268.45
YORW,32.02
NCTY,1.19
TXMD,5.11
TRPX,3.9
TBPH,27.21
TST,2.06
TCRD,6.57
TBRG,9.95
TBRGU,10.25
TBRGW,0.38
TIBR,9.9
TIBRU,10.15
TIBRW,0.4
TTTN,25.275
TTS,6.99
TLRY,77.2
TSBK,26.22
TIPT,5.52
TITN,18.39
TMDI,3.3
TTNP,0.235
TVTY,23.58
TIVO,11.17
TLSA,6.95
TKKS,9.75
TKKSR,0.29
TKKSU,10.09
TKKSW,0.14
TMUS,66.96
TMSR,1.25
TOCA,8.86
TNXP,2.06
TISA,0.5979
TOPS,1.055
TRCH,1.04
TRMD,5.78
TOTA,9.93
TOTAR,0.4
TOTAU,10.2
TOTAW,0.2
TBLT,2.945
TBLTU,5.5
TBLTW,0.5
TSEM,14.18
CLUB,6.19
TOWN,26.78
TPIC,29.42
TCON,0.96
TSCO,89.48
TWMC,0.5984
TACT,10.69
TRNS,21.76
TGA,1.89
TBIO,5.53
TA,4.77
TANNI,24.85
TANNL,24.19
TANNZ,23.79
TZOO,12.54
TRMT,9
TRVN,0.5472
TPCO,12.21
TCDA,21.96
TCBK,35.72
TDAC,10.04
TDACU,10.21
TDACW,0.22
TRIL,1.67
TRS,28.31
TRMB,36.59
TRIB,2.71
TMCX,10.07
TMCXU,10.4
TMCXW,0.35
TRIP,59.04
TSC,21.95
TSCAP,25.95
TBK,32.22
TRVG,6.15
TROV,0.585
TRUE,9.64
THST,2.195
TRUP,28.14
TRST,7.75
TRMK,30.38
TSRI,5
TTEC,33.23
TTMI,10.83
TC,6.35
TCX,68.2
TUES,1.88
TOUR,4.92
HEAR,16.76
TWLV,9.89
TWLVR,0.3
TWLVU,10.35
TWLVW,0.24
FOX,48.35
FOXA,48.74
TWIN,17.83
TWST,22.66
TRCB,15.63
TYME,2.41
USCR,36.87
PRTS,1.1
USEG,0.86
GROW,1.25
USAU,1.09
USWS,7.85
USWSW,0.68
UBNT,105.15
UFPT,30.4
ULTA,291.5
UCTT,9.73
UPL,0.9951
RARE,53.34
ULBI,7.2399
UMBF,67.9
UMPQ,18.43
UNAM,5.82
UBSH,32.5
UNB,46.16
QURE,31.36
UBCP,11.25
UBOH,20.4312
UBSI,35.08
UCBI,24.69
UCFC,9.12
UAL,85.59
UBNK,15.86
UFCS,53.16
UIHC,16.27
UNFI,13.11
UBFO,9.75
USLM,69
UTHR,115.75
UG,19.6
UNIT,18.91
UNTY,19.6
UBX,12.45
OLED,100.01
UEIC,28.3
UFPI,29.29
ULH,20.71
USAP,15.86
UVSP,23.14
UMRX,4.13
UPLD,30.43
UPWK,18.94
UONE,2.38
UONEK,2.13
URBN,32.55
URGN,51.12
UROV,8.61
ECOL,63.95
USAT,5.26
USATP,19.4549
USAK,18.05
UTMD,86.32
UTSI,3.28
UXIN,3.35
VCNX,4.93
VLRX,0.4069
VALX,26.65
VLY,10.37
VLYPO,22.93
VLYPP,24.61
VALU,20.8
VNDA,31.05
BBH,127.6762
GNRX,21.75
PPH,58.09
VWOB,76.14
VNQI,55.28
VCIT,83.585
VGIT,63.16
VIGI,60.33
VYMI,59.37
VCLT,85.99
VGLT,73.58
VMBS,51.44
VONE,122.19
VONG,143.83
VONV,103.64
VTWO,118.36
VTWG,134.71
VTWV,102.28
VTHR,121.8249
VCSH,78.31
VTIP,48.02
VGSH,60.05
BND,79.15
VTC,80.69
BNDX,54.37
VXUS,50.03
BNDW,74.885
VEAC,10.12
VEACU,10.2001
VEACW,0.33
VREX,27.81
VRNS,52.15
VBLT,1.15
VXRT,1.95
VBIV,1.89
VTIQ,9.8
VTIQU,10.2
VTIQW,0.4999
VECO,8.85
VEON,2.59
VRA,9.72
VCYT,17.28
VSTM,3.46
VCEL,17.99
VRNT,46.58
VRSN,164.44
VRSK,115.7
VBTX,23.7
VERI,5.15
VRML,0.79
VRNA,6.25
VRRM,9.6
VRCA,10.42
VTNR,1.4
VRTX,194.7
VERU,1.34
VIA,33.12
VIAB,30.08
VSAT,62.01
VIAV,10.65
VICL,0.9341
VICR,46.59
VCTR,10.97
CIZ,31.3502
VSDA,28.38
CEY,23.9
CEZ,25.33
CID,31.53
CIL,36.4035
CFO,44.7106
CFA,47.35
CSF,40.511
CDC,43.02
CDL,43.92
VSMV,27.9092
CSB,43.46
CSA,44.3546
VRAY,7.8
VKTX,8.78
VKTXW,6.92
VBFC,33.475
VLGEA,26.07
VIOT,7.63
VNOM,30.59
VIRC,4.05
VTSI,4.03
VIRT,26.9
VRTS,93.87
VRTSP,85.89
BBC,25.32
BBP,40.7935
VRTU,46.75
VTGN,1.68
VC,76.33
VTL,0.2212
VIVE,1.2
VVPR,1.08
VVUS,4.2
VOD,19.3
VOXX,5.15
VYGR,8.26
VSEC,29.66
VTVT,2.67
VUZI,4.76
WTRH,12.09
WBA,72.43
WAFD,29.61
WASH,53.19
WSBF,16.66
WVE,42.59
WSTG,10.55
WCFB,8.07
WDFC,179.93
WB,60.8
WTW,34.3
WEBK,28.34
WEN,16.43
WERN,33.1
WSBC,39.75
WTBA,20.26
WABC,64.48
WSTL,2.23
WBND,25.4395
WDC,39.2
WNEB,8.93
WPRT,1.69
WWR,0.1493
WEYS,28.22
WHLR,1.011
WHLRD,12.75
WHLRP,10.35
WHLRW,0.0066
WHF,13.6
WHFBZ,25.47
WHLM,6
WVVI,7.1083
WVVIP,4.7252
WLDN,34.6
WLFC,38.74
WLTW,158.66
WSC,10.58
WIN,3.29
WING,67.95
WINA,157.76
WINS,26
WTFC,74.46
WTFCM,26.89
AGND,42.89
CXSE,66.51
EMCG,21.07
EMCB,69.48
DGRE,23.32
DXGE,28.1362
HYZD,23.195
AGZD,47.5299
WETF,6.85
DXJS,39.1315
GULF,19.7801
HYND,20.365
DGRW,40.33
DGRS,34.3691
WIX,104.29
WWD,78.13
WDAY,172.08
WKHS,0.9977
WRLD,115.29
WRTC,3.6427
WMGI,28.86
WMGIZ,0.01
WSFS,41.47
WVFC,15.092
WYNN,115.18
XBIT,6.1
XELB,1.4
XEL,50.7
XNCR,33.64
XBIO,2.0134
XENE,7.65
XERS,17
XGTI,0.3332
XLNX,93.52
XOMA,13.65
XPER,21.04
XSPA,0.1935
XTLB,1.906
XNET,3.71
YNDX,30.82
YRIV,2.47
YTRA,4.83
YTEN,1.0801
YIN,6.84
YMAB,22.79
YOGA,0.5861
YGYI,6.72
YRCW,5.9
YY,73.97
ZFGN,4.74
ZAGG,11.11
ZLAB,26
ZEAL,14.94
ZBRA,177.79
Z,34
ZG,33.78
ZN,0.4601
ZNWAA,n/a
ZION,47.05
ZIONW,15.15
ZIOP,2.27
ZIXI,6.19
ZKIN,1.7418
ZGNX,43.15
ZSAN,2.29
ZS,45.35
ZUMZ,23.75
ZYNE,3.89
ZNGA,4.26
